update,rollout_steps,episodes_finished,completed,timeouts,trained_win_rate,opponent_win_rate,average_step_reward,trainable_samples,fighter_samples,cleric_samples,wizard_samples,policy_loss,value_loss,entropy,loss,checkpoint,curriculum_level,curriculum_stage,curriculum_kind,training_classes,curriculum_window_size,curriculum_window_win_rate,curriculum_threshold,curriculum_updates_on_level
5,1024,16,16,0,0.5625,0.4375,-0.054166015625,164,0,164,0,-0.051889754831790924,4.34925901889801,1.2111534476280212,2.1106282472610474,F:\PyCharmWorkspace\D&D Battle AI\checkpoints\gnn_class_curriculum_v2.pt,4,Cleric_fundamentals,class,Cleric,30,0.5333333333333333,0.65,5
10,1024,16,16,0,0.5625,0.4375,-0.058546875,209,0,209,0,0.05887981317937374,6.0901312828063965,1.3605081737041473,3.0903403759002686,F:\PyCharmWorkspace\D&D Battle AI\checkpoints\gnn_class_curriculum_v2.pt,4,Cleric_fundamentals,class,Cleric,30,0.6,0.65,10
15,1024,18,18,0,0.5555555555555556,0.4444444444444444,-0.0459931640625,210,0,210,0,-0.11021274141967297,6.033920884132385,1.4815113544464111,2.8919326066970825,F:\PyCharmWorkspace\D&D Battle AI\checkpoints\gnn_class_curriculum_v2.pt,4,Cleric_fundamentals,class,Cleric,30,0.5666666666666667,0.65,15
20,1024,18,18,0,0.7777777777777778,0.2222222222222222,-0.0336533203125,279,0,279,0,-0.4832083098590374,6.479602158069611,0.9728184565901756,2.7468645572662354,F:\PyCharmWorkspace\D&D Battle AI\checkpoints\gnn_class_curriculum_v2.pt,5,Cleric_resources,class,Cleric,30,0.8333333333333334,0.65,5
25,1024,21,21,0,0.9047619047619048,0.09523809523809523,-0.058287109375,323,0,323,0,-0.07016259897500277,5.669392108917236,0.8442639112472534,2.756090760231018,F:\PyCharmWorkspace\D&D Battle AI\checkpoints\gnn_class_curriculum_v2.pt,5,Cleric_resources,class,Cleric,30,0.9,0.65,10
30,1024,21,21,0,0.8095238095238095,0.19047619047619047,-0.033560546875,296,0,296,0,-0.0639953468926251,5.390173673629761,0.685608796775341,2.6242354214191437,F:\PyCharmWorkspace\D&D Battle AI\checkpoints\gnn_class_curriculum_v2.pt,5,Cleric_resources,class,Cleric,30,0.8333333333333334,0.65,15
35,1024,13,13,0,0.38461538461538464,0.6153846153846154,0.030562500000000003,213,12,201,0,0.15676644444465637,4.021754026412964,0.7229630798101425,2.1604138612747192,F:\PyCharmWorkspace\D&D Battle AI\checkpoints\gnn_class_curriculum_v2.pt,6,Cleric_Life_support,class,Cleric,30,0.4666666666666667,0.65,5
40,1024,11,11,0,0.45454545454545453,0.5454545454545454,0.05211816406250001,167,0,167,0,0.3475315421819687,3.242916166782379,1.0725187063217163,1.958264410495758,F:\PyCharmWorkspace\D&D Battle AI\checkpoints\gnn_class_curriculum_v2.pt,6,Cleric_Life_support,class,Cleric,30,0.36666666666666664,0.65,10
45,1024,13,13,0,0.7692307692307693,0.23076923076923078,-0.010851562499999997,130,0,130,0,0.28459784388542175,4.5522860288619995,1.3307743072509766,2.547433078289032,F:\PyCharmWorkspace\D&D Battle AI\checkpoints\gnn_class_curriculum_v2.pt,6,Cleric_Life_support,class,Cleric,30,0.5666666666666667,0.65,15
50,1024,11,10,1,0.4,0.6,-0.007980468749999999,141,0,141,0,0.3108517602086067,1.4740652441978455,1.0512601435184479,1.0373717844486237,F:\PyCharmWorkspace\D&D Battle AI\checkpoints\gnn_class_curriculum_v2.pt,6,Cleric_Life_support,class,Cleric,30,0.5,0.65,20
55,1024,10,9,1,0.5555555555555556,0.4444444444444444,0.034791015625000005,108,16,92,0,-0.0359217282384634,2.561071991920471,1.1378516554832458,1.2332357168197632,F:\PyCharmWorkspace\D&D Battle AI\checkpoints\gnn_class_curriculum_v2.pt,6,Cleric_Life_support,class,Cleric,30,0.3333333333333333,0.65,25
60,1024,14,14,0,0.42857142857142855,0.5714285714285714,0.008842773437500001,107,12,95,0,0.15889818221330643,3.072474479675293,1.6651754975318909,1.678483635187149,F:\PyCharmWorkspace\D&D Battle AI\checkpoints\gnn_class_curriculum_v2.pt,6,Cleric_Life_support,class,Cleric,30,0.5333333333333333,0.65,30
65,1024,10,10,0,0.4,0.6,0.047546875,117,0,117,0,0.12868003360927105,3.245469093322754,1.5932402908802032,1.7354822158813477,F:\PyCharmWorkspace\D&D Battle AI\checkpoints\gnn_class_curriculum_v2.pt,6,Cleric_Life_support,class,Cleric,30,0.5,0.65,35
70,1024,10,10,0,0.6,0.4,0.0196279296875,152,0,152,0,0.43037496507167816,2.6063024401664734,1.3897023499011993,1.7196291983127594,F:\PyCharmWorkspace\D&D Battle AI\checkpoints\gnn_class_curriculum_v2.pt,6,Cleric_Life_support,class,Cleric,30,0.4666666666666667,0.65,40
75,1024,8,6,2,0.8333333333333334,0.16666666666666666,-0.0018574218749999973,126,0,126,0,0.1266102660447359,1.1309359967708588,1.2753273844718933,0.6793249994516373,F:\PyCharmWorkspace\D&D Battle AI\checkpoints\gnn_class_curriculum_v2.pt,6,Cleric_Life_support,class,Cleric,30,0.5,0.65,45
80,1024,8,6,2,0.5,0.5,-0.0019755859374999975,147,0,147,0,0.12731941416859627,1.0515096187591553,1.5917683839797974,0.637156531214714,F:\PyCharmWorkspace\D&D Battle AI\checkpoints\gnn_class_curriculum_v2.pt,6,Cleric_Life_support,class,Cleric,30,0.4666666666666667,0.65,50
85,1024,9,8,1,0.375,0.625,0.004035156250000001,128,10,118,0,-0.12197455950081348,1.4268654882907867,1.5453071296215057,0.5760051012039185,F:\PyCharmWorkspace\D&D Battle AI\checkpoints\gnn_class_curriculum_v2.pt,6,Cleric_Life_support,class,Cleric,30,0.36666666666666664,0.65,55
90,1024,9,9,0,0.5555555555555556,0.4444444444444444,0.009320312500000004,126,7,119,0,0.2349967397749424,1.1843234598636627,1.548204630613327,0.811676412820816,F:\PyCharmWorkspace\D&D Battle AI\checkpoints\gnn_class_curriculum_v2.pt,6,Cleric_Life_support,class,Cleric,30,0.43333333333333335,0.65,60
95,1024,7,6,1,0.6666666666666666,0.3333333333333333,0.016878906250000002,134,0,134,0,0.0884061586111784,1.135046273469925,1.3151498436927795,0.6427778005599976,F:\PyCharmWorkspace\D&D Battle AI\checkpoints\gnn_class_curriculum_v2.pt,6,Cleric_Life_support,class,Cleric,30,0.5333333333333333,0.65,65
100,1024,70,70,0,0.9571428571428572,0.04285714285714286,-0.19605078125,189,0,0,189,-0.3894526958465576,11.860690832138062,1.5135281682014465,5.525757312774658,F:\PyCharmWorkspace\D&D Battle AI\checkpoints\gnn_class_curriculum_v2.pt,7,Wizard_fundamentals,class,Wizard,30,0.9,0.65,5
105,1024,55,55,0,0.9636363636363636,0.03636363636363636,-0.1306728515625,212,0,0,212,0.014930912293493748,9.972812175750732,1.4458421766757965,4.986878514289856,F:\PyCharmWorkspace\D&D Battle AI\checkpoints\gnn_class_curriculum_v2.pt,7,Wizard_fundamentals,class,Wizard,30,0.9666666666666667,0.65,10
110,1024,68,68,0,0.9852941176470589,0.014705882352941176,-0.0985380859375,203,0,0,203,-0.15634699165821075,11.44823670387268,1.4629567861557007,5.553141713142395,F:\PyCharmWorkspace\D&D Battle AI\checkpoints\gnn_class_curriculum_v2.pt,7,Wizard_fundamentals,class,Wizard,30,1.0,0.65,15
115,1024,35,35,0,0.9428571428571428,0.05714285714285714,0.0006386718750000049,219,0,0,219,0.08245249278843403,10.749282121658325,1.383739858865738,5.4432560205459595,F:\PyCharmWorkspace\D&D Battle AI\checkpoints\gnn_class_curriculum_v2.pt,8,Wizard_area_spells,class,Wizard,30,0.9333333333333333,0.65,5
120,1024,38,38,0,0.8947368421052632,0.10526315789473684,0.1036484375,210,0,0,210,0.11657306551933289,9.541518926620483,1.5657067596912384,4.871675491333008,F:\PyCharmWorkspace\D&D Battle AI\checkpoints\gnn_class_curriculum_v2.pt,8,Wizard_area_spells,class,Wizard,30,0.8666666666666667,0.65,10
125,1024,35,35,0,0.9714285714285714,0.02857142857142857,-0.008249999999999993,197,0,0,197,0.048318096436560154,11.196922302246094,1.794888585805893,5.628830194473267,F:\PyCharmWorkspace\D&D Battle AI\checkpoints\gnn_class_curriculum_v2.pt,8,Wizard_area_spells,class,Wizard,30,0.9666666666666667,0.65,15
130,1024,14,14,0,1.0,0.0,-0.089794921875,195,0,0,195,-0.3414018452167511,4.467042326927185,1.6180225312709808,1.875939041376114,F:\PyCharmWorkspace\D&D Battle AI\checkpoints\gnn_class_curriculum_v2.pt,9,Wizard_damage_types,class,Wizard,30,1.0,0.65,5
135,1024,16,15,1,0.8666666666666667,0.13333333333333333,-0.108330078125,226,8,18,200,-0.4428948611021042,2.5970897674560547,1.3414096236228943,0.8422359377145767,F:\PyCharmWorkspace\D&D Battle AI\checkpoints\gnn_class_curriculum_v2.pt,9,Wizard_damage_types,class,Wizard,30,0.9,0.65,10
140,1024,14,14,0,1.0,0.0,-0.096125,209,1,12,196,-0.6041793972253799,3.4918644428253174,1.1324372589588165,1.130428433418274,F:\PyCharmWorkspace\D&D Battle AI\checkpoints\gnn_class_curriculum_v2.pt,9,Wizard_damage_types,class,Wizard,30,1.0,0.65,15
145,1024,29,28,1,0.9642857142857143,0.03571428571428571,0.1140869140625,375,132,117,126,-0.011567879650101531,11.40826690196991,0.952389270067215,5.683041632175446,F:\PyCharmWorkspace\D&D Battle AI\checkpoints\gnn_class_curriculum_v2.pt,10,Party_integration,class,"Fighter,Cleric,Wizard",30,1.0,0.65,5
150,1024,30,29,1,1.0,0.0,0.07013964843750001,353,117,84,152,0.0690664011053741,10.514466047286987,0.7385627925395966,5.318913757801056,F:\PyCharmWorkspace\D&D Battle AI\checkpoints\gnn_class_curriculum_v2.pt,10,Party_integration,class,"Fighter,Cleric,Wizard",30,1.0,0.65,10
155,1024,32,31,1,1.0,0.0,0.073353515625,429,139,119,171,0.30442940443754196,11.248135805130005,0.9001078307628632,5.919496238231659,F:\PyCharmWorkspace\D&D Battle AI\checkpoints\gnn_class_curriculum_v2.pt,10,Party_integration,class,"Fighter,Cleric,Wizard",30,1.0,0.65,15
160,1024,0,0,0,0.0,0.0,-0.0383974609375,408,146,128,134,-0.19923916459083557,0.195649279281497,0.8076684474945068,-0.10949121043086052,F:\PyCharmWorkspace\D&D Battle AI\checkpoints\gnn_class_curriculum_v2.pt,11,Party_cover_tactics,class,"Fighter,Cleric,Wizard",0,0.0,0.65,5
165,1024,3,3,0,1.0,0.0,-0.004544921875,461,165,143,153,-0.17867093905806541,2.023908406496048,0.8043323084712029,0.8252399265766144,F:\PyCharmWorkspace\D&D Battle AI\checkpoints\gnn_class_curriculum_v2.pt,11,Party_cover_tactics,class,"Fighter,Cleric,Wizard",19,0.15789473684210525,0.65,10
170,1024,1,1,0,1.0,0.0,-0.0196533203125,457,148,155,154,-0.5591063350439072,0.49417939968407154,0.41686247289180756,-0.3161852564662695,F:\PyCharmWorkspace\D&D Battle AI\checkpoints\gnn_class_curriculum_v2.pt,11,Party_cover_tactics,class,"Fighter,Cleric,Wizard",30,0.16666666666666666,0.65,15
175,1024,3,0,3,0.0,0.0,0.0015966796875000022,416,140,139,137,-0.5968746170401573,0.742789588868618,0.09329291060566902,-0.22641275078058243,F:\PyCharmWorkspace\D&D Battle AI\checkpoints\gnn_class_curriculum_v2.pt,11,Party_cover_tactics,class,"Fighter,Cleric,Wizard",30,0.06666666666666667,0.65,20
180,1024,9,0,9,0.0,0.0,-0.054568359375,422,135,138,149,-0.9257557094097137,0.08045382611453533,0.014414783683605492,-0.8856729492545128,F:\PyCharmWorkspace\D&D Battle AI\checkpoints\gnn_class_curriculum_v2.pt,11,Party_cover_tactics,class,"Fighter,Cleric,Wizard",30,0.03333333333333333,0.65,25
185,1024,2,0,2,0.0,0.0,-0.03748828125,446,150,152,144,-0.6842911839485168,0.1318956185132265,0.003554688621079549,-0.6183789223432541,F:\PyCharmWorkspace\D&D Battle AI\checkpoints\gnn_class_curriculum_v2.pt,11,Party_cover_tactics,class,"Fighter,Cleric,Wizard",30,0.0,0.65,30
190,1024,0,0,0,0.0,0.0,-0.040874023437500004,401,138,133,130,-1.0221310779452324,0.03833690099418163,0.001075054744433146,-1.002973385155201,F:\PyCharmWorkspace\D&D Battle AI\checkpoints\gnn_class_curriculum_v2.pt,11,Party_cover_tactics,class,"Fighter,Cleric,Wizard",30,0.0,0.65,35
