update,rollout_steps,episodes_finished,completed,timeouts,trained_win_rate,opponent_win_rate,average_step_reward,policy_loss,value_loss,entropy,loss,checkpoint,curriculum_level,curriculum_stage,curriculum_window_size,curriculum_window_win_rate,curriculum_threshold,curriculum_updates_on_level
1,1024,69,69,0,0.6231884057971014,0.37681159420289856,-0.11494335937499998,0.31571786974867183,18.30707573890686,3.6746750275293985,9.432508905728659,F:\PyCharmWorkspace\D&D Battle AI\checkpoints\gnn_ppo_actor_critic.pt,1,1_Fighter_level_1_vs_1_Goblin,20,0.5,0.75,1
2,1024,79,79,0,0.6582278481012658,0.34177215189873417,-0.1975048828125,-0.15916018870969614,15.77512232462565,3.568666676680247,7.692714254061381,F:\PyCharmWorkspace\D&D Battle AI\checkpoints\gnn_ppo_actor_critic.pt,1,1_Fighter_level_1_vs_1_Goblin,20,0.8,0.75,2
3,1024,72,72,0,0.5694444444444444,0.4305555555555556,-0.14720214843749999,-0.18182930257171392,14.584319512049357,3.534421722094218,7.074986179669698,F:\PyCharmWorkspace\D&D Battle AI\checkpoints\gnn_ppo_actor_critic.pt,1,1_Fighter_level_1_vs_1_Goblin,20,0.55,0.75,3
4,1024,76,76,0,0.5,0.5,-0.09963183593749998,-0.2092346859474977,15.71170457204183,3.6671701669692993,7.609945893287659,F:\PyCharmWorkspace\D&D Battle AI\checkpoints\gnn_ppo_actor_critic.pt,1,1_Fighter_level_1_vs_1_Goblin,20,0.45,0.75,4
5,1024,77,77,0,0.5974025974025974,0.4025974025974026,-0.180384765625,-0.31244804089268047,14.658223787943522,3.60448424021403,6.980618953704834,F:\PyCharmWorkspace\D&D Battle AI\checkpoints\gnn_ppo_actor_critic.pt,1,1_Fighter_level_1_vs_1_Goblin,20,0.6,0.75,5
6,1024,80,80,0,0.575,0.425,-0.1704091796875,-0.207847544302543,14.678486665089926,3.649785101413727,7.094897945721944,F:\PyCharmWorkspace\D&D Battle AI\checkpoints\gnn_ppo_actor_critic.pt,1,1_Fighter_level_1_vs_1_Goblin,20,0.55,0.75,6
7,1024,71,71,0,0.5774647887323944,0.4225352112676056,-0.1622294921875,-0.3173322876294454,14.78056271870931,3.5820660392443338,7.037128448486328,F:\PyCharmWorkspace\D&D Battle AI\checkpoints\gnn_ppo_actor_critic.pt,1,1_Fighter_level_1_vs_1_Goblin,20,0.65,0.75,7
8,1024,74,74,0,0.5405405405405406,0.4594594594594595,-0.21917089843749998,-0.21218373688558737,14.310322999954224,3.483209232489268,6.908145745595296,F:\PyCharmWorkspace\D&D Battle AI\checkpoints\gnn_ppo_actor_critic.pt,1,1_Fighter_level_1_vs_1_Goblin,20,0.5,0.75,8
9,1024,71,71,0,0.5352112676056338,0.4647887323943662,-0.0887041015625,-0.2631946434266865,14.878221035003662,3.442397157351176,7.141491889953613,F:\PyCharmWorkspace\D&D Battle AI\checkpoints\gnn_ppo_actor_critic.pt,1,1_Fighter_level_1_vs_1_Goblin,20,0.55,0.75,9
10,1024,80,80,0,0.525,0.475,-0.05125292968749999,-0.2018864161024491,16.378333409627277,3.3121328552563987,7.954158862431844,F:\PyCharmWorkspace\D&D Battle AI\checkpoints\gnn_ppo_actor_critic.pt,1,1_Fighter_level_1_vs_1_Goblin,20,0.35,0.75,10
11,1024,49,49,0,0.5918367346938775,0.40816326530612246,-0.1068203125,-0.14892587962094694,10.786857187747955,3.371103197336197,5.21079158782959,F:\PyCharmWorkspace\D&D Battle AI\checkpoints\gnn_ppo_actor_critic.pt,2,Level_1_Fighter_+_Cleric_vs_2_Goblins,13,0.5384615384615384,0.75,1
12,1024,6,5,1,0.0,1.0,0.021716796875000003,-0.09695980433995526,1.425091375907262,3.77893074353536,0.5777965659896532,F:\PyCharmWorkspace\D&D Battle AI\checkpoints\gnn_ppo_actor_critic.pt,2,Level_1_Fighter_+_Cleric_vs_2_Goblins,19,0.3684210526315789,0.75,2
13,1024,3,3,0,0.0,1.0,-0.02280859375,0.263069777439038,0.7776692981521288,3.3280248244603476,0.6186241830388705,F:\PyCharmWorkspace\D&D Battle AI\checkpoints\gnn_ppo_actor_critic.pt,2,Level_1_Fighter_+_Cleric_vs_2_Goblins,20,0.35,0.75,3
14,1024,0,0,0,0.0,0.0,-0.04414453125,-0.5881079658865929,0.21282324753701687,2.597781866788864,-0.5076741613447666,F:\PyCharmWorkspace\D&D Battle AI\checkpoints\gnn_ppo_actor_critic.pt,2,Level_1_Fighter_+_Cleric_vs_2_Goblins,20,0.35,0.75,4
15,1024,11,1,10,0.0,1.0,-0.0404384765625,-0.2664111542205016,0.6446961934367815,2.4740575154622397,0.03119636808211605,F:\PyCharmWorkspace\D&D Battle AI\checkpoints\gnn_ppo_actor_critic.pt,2,Level_1_Fighter_+_Cleric_vs_2_Goblins,20,0.0,0.75,5
16,1024,6,2,4,0.0,1.0,-0.023556640625,-0.4157305260499318,0.8993820908168951,3.45111350218455,-0.0005506134281555811,F:\PyCharmWorkspace\D&D Battle AI\checkpoints\gnn_ppo_actor_critic.pt,2,Level_1_Fighter_+_Cleric_vs_2_Goblins,20,0.0,0.75,6
17,1024,2,0,2,0.0,0.0,-0.0281357421875,-0.7211916347344717,0.19030743961532912,3.4191264311472573,-0.6602291812499365,F:\PyCharmWorkspace\D&D Battle AI\checkpoints\gnn_ppo_actor_critic.pt,2,Level_1_Fighter_+_Cleric_vs_2_Goblins,20,0.0,0.75,7
18,1024,1,1,0,0.0,1.0,-0.036842773437500004,-0.39378514513373375,0.5091316290199757,2.629434198141098,-0.1655136737972498,F:\PyCharmWorkspace\D&D Battle AI\checkpoints\gnn_ppo_actor_critic.pt,2,Level_1_Fighter_+_Cleric_vs_2_Goblins,20,0.0,0.75,8
19,1024,8,0,8,0.0,0.0,-0.0516640625,-0.9627871662378311,0.1322586303576827,2.3839330673217773,-0.9204971864819527,F:\PyCharmWorkspace\D&D Battle AI\checkpoints\gnn_ppo_actor_critic.pt,2,Level_1_Fighter_+_Cleric_vs_2_Goblins,20,0.0,0.75,9
20,1024,8,2,6,0.0,1.0,-0.0096748046875,-0.4116041933496793,0.6166107033689817,2.8902416129906974,-0.13220125514393052,F:\PyCharmWorkspace\D&D Battle AI\checkpoints\gnn_ppo_actor_critic.pt,2,Level_1_Fighter_+_Cleric_vs_2_Goblins,20,0.0,0.75,10
21,1024,6,5,1,0.0,1.0,0.0042509765625,-0.12522900469290713,1.084408514201641,3.0295033057530723,0.3866802218059699,F:\PyCharmWorkspace\D&D Battle AI\checkpoints\gnn_ppo_actor_critic.pt,2,Level_1_Fighter_+_Cleric_vs_2_Goblins,20,0.0,0.75,11
22,1024,1,0,1,0.0,0.0,-0.03571484375,-0.5055783875286579,0.1148018823005259,2.332774430513382,-0.47150518372654915,F:\PyCharmWorkspace\D&D Battle AI\checkpoints\gnn_ppo_actor_critic.pt,2,Level_1_Fighter_+_Cleric_vs_2_Goblins,20,0.0,0.75,12
23,1024,6,1,5,0.0,1.0,-0.0427861328125,-0.7108482718467712,0.4102197736501694,1.8346330225467682,-0.5240846946835518,F:\PyCharmWorkspace\D&D Battle AI\checkpoints\gnn_ppo_actor_critic.pt,2,Level_1_Fighter_+_Cleric_vs_2_Goblins,20,0.0,0.75,13
24,1024,6,2,4,0.5,0.5,-0.041994140625,-0.5056273117661476,1.3258326202630997,2.20381361246109,0.1352508633863181,F:\PyCharmWorkspace\D&D Battle AI\checkpoints\gnn_ppo_actor_critic.pt,2,Level_1_Fighter_+_Cleric_vs_2_Goblins,20,0.05,0.75,14
25,1024,7,1,6,0.0,1.0,-0.0217421875,-0.6226570059855779,0.40385770580420893,2.758043905099233,-0.44830859700838727,F:\PyCharmWorkspace\D&D Battle AI\checkpoints\gnn_ppo_actor_critic.pt,2,Level_1_Fighter_+_Cleric_vs_2_Goblins,20,0.05,0.75,15
26,1024,2,2,0,0.0,1.0,-0.022352539062500003,-0.3307264428585768,0.5923910550773144,1.861011728644371,-0.05314103211276233,F:\PyCharmWorkspace\D&D Battle AI\checkpoints\gnn_ppo_actor_critic.pt,2,Level_1_Fighter_+_Cleric_vs_2_Goblins,20,0.05,0.75,16
27,1024,5,0,5,0.0,0.0,-0.042072265625,-0.4964402876794338,0.26654084026813507,1.7091663479804993,-0.38026153296232224,F:\PyCharmWorkspace\D&D Battle AI\checkpoints\gnn_ppo_actor_critic.pt,2,Level_1_Fighter_+_Cleric_vs_2_Goblins,20,0.05,0.75,17
28,1024,5,0,5,0.0,0.0,-0.042046875,-0.857745036482811,0.20505482889711857,1.9746237993240356,-0.7749638631939888,F:\PyCharmWorkspace\D&D Battle AI\checkpoints\gnn_ppo_actor_critic.pt,2,Level_1_Fighter_+_Cleric_vs_2_Goblins,20,0.0,0.75,18
29,1024,7,2,5,0.5,0.5,-0.0149423828125,-0.5475461433331171,1.4148594128588836,2.3925502002239227,0.13595806124309698,F:\PyCharmWorkspace\D&D Battle AI\checkpoints\gnn_ppo_actor_critic.pt,2,Level_1_Fighter_+_Cleric_vs_2_Goblins,20,0.05,0.75,19
30,1024,3,2,1,0.0,1.0,-0.0216923828125,-0.21472057700157166,0.7892665043473244,1.9281424134969711,0.1606312496587634,F:\PyCharmWorkspace\D&D Battle AI\checkpoints\gnn_ppo_actor_critic.pt,2,Level_1_Fighter_+_Cleric_vs_2_Goblins,20,0.05,0.75,20
31,1024,6,1,5,0.0,1.0,-0.039560546875,-0.3318541906774044,0.7572803050279617,1.7459041476249695,0.029326920863240957,F:\PyCharmWorkspace\D&D Battle AI\checkpoints\gnn_ppo_actor_critic.pt,2,Level_1_Fighter_+_Cleric_vs_2_Goblins,20,0.05,0.75,21
32,1024,6,1,5,0.0,1.0,-0.0289521484375,-0.3832817077636719,0.2901975214481354,1.9140656143426895,-0.25732359662652016,F:\PyCharmWorkspace\D&D Battle AI\checkpoints\gnn_ppo_actor_critic.pt,2,Level_1_Fighter_+_Cleric_vs_2_Goblins,20,0.05,0.75,22
33,1024,5,2,3,0.0,1.0,-0.024337890625,-0.5039736131827036,0.561523595203956,2.082113136847814,-0.24403294424215952,F:\PyCharmWorkspace\D&D Battle AI\checkpoints\gnn_ppo_actor_critic.pt,2,Level_1_Fighter_+_Cleric_vs_2_Goblins,20,0.0,0.75,23
34,1024,4,1,3,0.0,1.0,-0.028982421875,-0.4472492386897405,0.7079601213335991,1.7519306043783824,-0.11078848193089168,F:\PyCharmWorkspace\D&D Battle AI\checkpoints\gnn_ppo_actor_critic.pt,2,Level_1_Fighter_+_Cleric_vs_2_Goblins,20,0.0,0.75,24
35,1024,6,2,4,0.0,1.0,-0.029078125,-0.31627701595425606,0.3288704150666793,1.7403563658396404,-0.16924536662797132,F:\PyCharmWorkspace\D&D Battle AI\checkpoints\gnn_ppo_actor_critic.pt,2,Level_1_Fighter_+_Cleric_vs_2_Goblins,20,0.0,0.75,25
36,1024,6,1,5,0.0,1.0,-0.0309287109375,-0.606551801164945,0.27226948613921803,1.7835745612780254,-0.48825281113386154,F:\PyCharmWorkspace\D&D Battle AI\checkpoints\gnn_ppo_actor_critic.pt,2,Level_1_Fighter_+_Cleric_vs_2_Goblins,20,0.0,0.75,26
37,1024,3,0,3,0.0,0.0,-0.0293310546875,-0.7003980254133543,0.16877202627559504,2.0900035401185355,-0.6369120652476946,F:\PyCharmWorkspace\D&D Battle AI\checkpoints\gnn_ppo_actor_critic.pt,2,Level_1_Fighter_+_Cleric_vs_2_Goblins,20,0.0,0.75,27
38,1024,2,0,2,0.0,0.0,-0.042404296875000004,-1.1291891783475876,0.10908981692045927,1.471978634595871,-1.08936408162117,F:\PyCharmWorkspace\D&D Battle AI\checkpoints\gnn_ppo_actor_critic.pt,2,Level_1_Fighter_+_Cleric_vs_2_Goblins,20,0.0,0.75,28
39,1024,7,2,5,0.0,1.0,-0.025324218750000002,-0.42055974528193474,0.4535777159035206,1.323353722691536,-0.20700442418456078,F:\PyCharmWorkspace\D&D Battle AI\checkpoints\gnn_ppo_actor_critic.pt,2,Level_1_Fighter_+_Cleric_vs_2_Goblins,20,0.0,0.75,29
1,1024,69,69,0,0.782608695652174,0.21739130434782608,-0.03587890624999999,0.28501603901386263,17.700833320617676,1.944525146484375,9.11598744392395,F:\PyCharmWorkspace\D&D Battle AI\checkpoints\gnn_player_policy.pt,1,1_Fighter_level_1_vs_1_Goblin,20,0.75,0.75,1
2,1024,73,73,0,0.8493150684931506,0.1506849315068493,0.006044921875000013,-0.07270260694203898,16.081365394592286,1.9454007506370545,7.948526167869568,F:\PyCharmWorkspace\D&D Battle AI\checkpoints\gnn_player_policy.pt,1,1_Fighter_level_1_vs_1_Goblin,20,0.7,0.75,2
3,1024,75,75,0,0.7866666666666666,0.21333333333333335,0.03721191406250001,0.004737334419041872,16.434728574752807,1.936067318916321,8.202740931510926,F:\PyCharmWorkspace\D&D Battle AI\checkpoints\gnn_player_policy.pt,1,1_Fighter_level_1_vs_1_Goblin,20,0.75,0.75,3
4,1024,79,79,0,0.7468354430379747,0.25316455696202533,0.01474511718750001,0.0002791172359138727,17.718399238586425,2.007652473449707,8.83940224647522,F:\PyCharmWorkspace\D&D Battle AI\checkpoints\gnn_player_policy.pt,1,1_Fighter_level_1_vs_1_Goblin,20,0.65,0.75,4
5,1024,83,83,0,0.7951807228915663,0.20481927710843373,0.0873369140625,-0.07263173796236515,15.249848318099975,1.9734352350234985,7.532558083534241,F:\PyCharmWorkspace\D&D Battle AI\checkpoints\gnn_player_policy.pt,1,1_Fighter_level_1_vs_1_Goblin,20,0.8,0.75,5
6,1024,89,89,0,0.7303370786516854,0.2696629213483146,0.1421259765625,0.1524903867393732,18.07566409111023,2.0007130563259126,9.170315217971801,F:\PyCharmWorkspace\D&D Battle AI\checkpoints\gnn_player_policy.pt,1,1_Fighter_level_1_vs_1_Goblin,20,0.6,0.75,6
7,1024,82,82,0,0.7560975609756098,0.24390243902439024,0.216958984375,0.04960207864642143,15.867457389831543,1.7699248909950256,7.965631580352783,F:\PyCharmWorkspace\D&D Battle AI\checkpoints\gnn_player_policy.pt,1,1_Fighter_level_1_vs_1_Goblin,20,0.95,0.75,7
8,1024,80,80,0,0.8375,0.1625,0.13215234375,0.15566169400699437,14.932695722579956,1.80702748298645,7.603939366340637,F:\PyCharmWorkspace\D&D Battle AI\checkpoints\gnn_player_policy.pt,1,1_Fighter_level_1_vs_1_Goblin,20,0.8,0.75,8
9,1024,100,100,0,0.82,0.18,0.301876953125,0.10353978238417767,16.62800087928772,1.720862352848053,8.400331592559814,F:\PyCharmWorkspace\D&D Battle AI\checkpoints\gnn_player_policy.pt,1,1_Fighter_level_1_vs_1_Goblin,20,0.95,0.75,9
10,1024,110,110,0,0.7636363636363637,0.23636363636363636,0.4122734375,0.2837055617943406,16.629537296295165,1.5894005477428437,8.582580304145813,F:\PyCharmWorkspace\D&D Battle AI\checkpoints\gnn_player_policy.pt,1,1_Fighter_level_1_vs_1_Goblin,20,0.75,0.75,10
11,1024,37,37,0,0.8378378378378378,0.16216216216216217,0.10524121093750001,0.2691355660557747,5.543580532073975,1.5302214443683624,3.025623607635498,F:\PyCharmWorkspace\D&D Battle AI\checkpoints\gnn_player_policy.pt,2,Level_1_Fighter_+_Cleric_vs_2_Goblins,20,0.9,0.75,1
12,1024,15,15,0,0.9333333333333333,0.06666666666666667,-0.0383125,0.2410979202017188,5.094554340839386,1.4962752759456635,2.7734122812747954,F:\PyCharmWorkspace\D&D Battle AI\checkpoints\gnn_player_policy.pt,2,Level_1_Fighter_+_Cleric_vs_2_Goblins,20,0.95,0.75,2
13,1024,19,18,1,0.5,0.5,-0.025548828125,0.08172324197366834,6.101037764549256,1.5574387192726136,3.116667753458023,F:\PyCharmWorkspace\D&D Battle AI\checkpoints\gnn_player_policy.pt,2,Level_1_Fighter_+_Cleric_vs_2_Goblins,20,0.5,0.75,3
14,1024,15,15,0,0.9333333333333333,0.06666666666666667,-0.053794921875,-0.04757975852116943,4.812829232215881,1.525737428665161,2.343577468395233,F:\PyCharmWorkspace\D&D Battle AI\checkpoints\gnn_player_policy.pt,2,Level_1_Fighter_+_Cleric_vs_2_Goblins,20,0.85,0.75,4
15,1024,19,19,0,0.8421052631578947,0.15789473684210525,-0.027341796874999998,-0.15118676153942942,5.9686177492141725,1.5093294382095337,2.8180288076400757,F:\PyCharmWorkspace\D&D Battle AI\checkpoints\gnn_player_policy.pt,2,Level_1_Fighter_+_Cleric_vs_2_Goblins,20,0.85,0.75,5
16,1024,19,18,1,0.7777777777777778,0.2222222222222222,-0.035626953125,-0.13952614072477446,5.766497540473938,1.5908896923065186,2.727813756465912,F:\PyCharmWorkspace\D&D Battle AI\checkpoints\gnn_player_policy.pt,2,Level_1_Fighter_+_Cleric_vs_2_Goblins,20,0.75,0.75,6
17,1024,19,19,0,0.9473684210526315,0.05263157894736842,-0.08608105468749999,-0.14558536298573016,4.921990537643433,1.4732886970043182,2.300677037239075,F:\PyCharmWorkspace\D&D Battle AI\checkpoints\gnn_player_policy.pt,2,Level_1_Fighter_+_Cleric_vs_2_Goblins,20,0.95,0.75,7
18,1024,16,14,2,0.8571428571428571,0.14285714285714285,-0.014662109375,-0.3133813105523586,5.260206174850464,1.5460784494876862,2.301260954141617,F:\PyCharmWorkspace\D&D Battle AI\checkpoints\gnn_player_policy.pt,2,Level_1_Fighter_+_Cleric_vs_2_Goblins,20,0.8,0.75,8
19,1024,19,18,1,0.8888888888888888,0.1111111111111111,-0.022264648437499996,-0.14118834296241403,6.129292511940003,1.4384043276309968,2.9090738773345945,F:\PyCharmWorkspace\D&D Battle AI\checkpoints\gnn_player_policy.pt,2,Level_1_Fighter_+_Cleric_vs_2_Goblins,20,0.85,0.75,9
20,1024,15,15,0,0.6666666666666666,0.3333333333333333,0.0018359375000000008,-0.1366303742863238,4.9186800718307495,1.397827798128128,2.3087313413619994,F:\PyCharmWorkspace\D&D Battle AI\checkpoints\gnn_player_policy.pt,2,Level_1_Fighter_+_Cleric_vs_2_Goblins,20,0.75,0.75,10
21,1024,12,10,2,0.7,0.3,-0.0003554687499999989,-0.011125214770436287,3.3643283247947693,1.4507024466991425,1.656531924009323,F:\PyCharmWorkspace\D&D Battle AI\checkpoints\gnn_player_policy.pt,3,Level_2_Fighter_+_Cleric_vs_Goblin_+_Bandit,11,0.5454545454545454,0.75,1
22,1024,10,7,3,0.8571428571428571,0.14285714285714285,-0.013835937499999998,0.01865786942653358,3.260621316730976,1.503801092505455,1.6339305117726326,F:\PyCharmWorkspace\D&D Battle AI\checkpoints\gnn_player_policy.pt,3,Level_2_Fighter_+_Cleric_vs_Goblin_+_Bandit,20,0.6,0.75,2
23,1024,15,11,4,1.0,0.0,-0.037108398437499995,-0.0915173114510253,4.0109646081924435,1.5173931002616883,1.898791068792343,F:\PyCharmWorkspace\D&D Battle AI\checkpoints\gnn_player_policy.pt,3,Level_2_Fighter_+_Cleric_vs_Goblin_+_Bandit,20,0.75,0.75,3
24,1024,9,7,2,1.0,0.0,-0.0014013671874999977,-0.21497476287186146,2.4769989371299745,1.4649777293205262,1.0088749334216118,F:\PyCharmWorkspace\D&D Battle AI\checkpoints\gnn_player_policy.pt,3,Level_2_Fighter_+_Cleric_vs_Goblin_+_Bandit,20,0.7,0.75,4
25,1024,13,11,2,0.7272727272727273,0.2727272727272727,0.019642578125,-0.05729351881891489,3.4918291687965395,1.4107572734355927,1.6745134890079498,F:\PyCharmWorkspace\D&D Battle AI\checkpoints\gnn_player_policy.pt,3,Level_2_Fighter_+_Cleric_vs_Goblin_+_Bandit,20,0.7,0.75,5
26,1024,9,7,2,0.8571428571428571,0.14285714285714285,-0.003589843749999999,-0.0029920908738858996,2.2723674356937407,1.3925076484680177,1.1192665457725526,F:\PyCharmWorkspace\D&D Battle AI\checkpoints\gnn_player_policy.pt,3,Level_2_Fighter_+_Cleric_vs_Goblin_+_Bandit,20,0.65,0.75,6
27,1024,16,13,3,0.9230769230769231,0.07692307692307693,-0.016571289062499998,-0.019102596305310728,3.8232344508171083,1.3159322261810302,1.8793552935123443,F:\PyCharmWorkspace\D&D Battle AI\checkpoints\gnn_player_policy.pt,3,Level_2_Fighter_+_Cleric_vs_Goblin_+_Bandit,20,0.65,0.75,7
28,1024,12,10,2,0.9,0.1,-0.021658203124999997,-0.055294656474143264,3.109261828660965,1.330993801355362,1.4860263526439668,F:\PyCharmWorkspace\D&D Battle AI\checkpoints\gnn_player_policy.pt,3,Level_2_Fighter_+_Cleric_vs_Goblin_+_Bandit,20,0.75,0.75,8
29,1024,10,6,4,1.0,0.0,0.0062978515625000024,-0.1670049866195768,2.2253930419683456,1.3709490537643432,0.9319820433855057,F:\PyCharmWorkspace\D&D Battle AI\checkpoints\gnn_player_policy.pt,3,Level_2_Fighter_+_Cleric_vs_Goblin_+_Bandit,20,0.65,0.75,9
30,1024,12,8,4,0.75,0.25,0.028618164062500003,-0.030343413120135665,3.189164294550816,1.3423758000135422,1.550814988091588,F:\PyCharmWorkspace\D&D Battle AI\checkpoints\gnn_player_policy.pt,3,Level_2_Fighter_+_Cleric_vs_Goblin_+_Bandit,20,0.55,0.75,10
31,1024,10,8,2,0.75,0.25,0.0007021484375000029,-0.00031455168209504336,2.584703665971756,1.509149980545044,1.2769457876682282,F:\PyCharmWorkspace\D&D Battle AI\checkpoints\gnn_player_policy.pt,3,Level_2_Fighter_+_Cleric_vs_Goblin_+_Bandit,20,0.55,0.75,11
32,1024,11,7,4,0.7142857142857143,0.2857142857142857,-0.00011425781249999872,0.08697517570108175,2.119720607995987,1.4203824400901794,1.1326316595077515,F:\PyCharmWorkspace\D&D Battle AI\checkpoints\gnn_player_policy.pt,3,Level_2_Fighter_+_Cleric_vs_Goblin_+_Bandit,20,0.5,0.75,12
33,1024,12,10,2,0.9,0.1,-0.023076171875,0.04469892559573054,3.1971308469772337,1.4790971338748933,1.6284733772277833,F:\PyCharmWorkspace\D&D Battle AI\checkpoints\gnn_player_policy.pt,3,Level_2_Fighter_+_Cleric_vs_Goblin_+_Bandit,20,0.6,0.75,13
34,1024,16,13,3,0.8461538461538461,0.15384615384615385,0.025831054687500004,-0.056154755502939226,4.456736087799072,1.4374254584312438,2.1578390419483187,F:\PyCharmWorkspace\D&D Battle AI\checkpoints\gnn_player_policy.pt,3,Level_2_Fighter_+_Cleric_vs_Goblin_+_Bandit,20,0.7,0.75,14
35,1024,6,5,1,0.8,0.2,0.017325195312500003,-0.049485105695202945,1.6313268184661864,1.4166512429714202,0.7520117938518525,F:\PyCharmWorkspace\D&D Battle AI\checkpoints\gnn_player_policy.pt,3,Level_2_Fighter_+_Cleric_vs_Goblin_+_Bandit,20,0.7,0.75,15
36,1024,28,27,1,0.5555555555555556,0.4444444444444444,0.124625,0.12797490786761045,6.075940370559692,1.3084554448723793,3.152860537171364,F:\PyCharmWorkspace\D&D Battle AI\checkpoints\gnn_player_policy.pt,4,Fighter_level_3_Champion_vs_Orc,20,0.6,0.75,1
37,1024,42,39,3,0.717948717948718,0.28205128205128205,0.1852353515625,0.4254624340683222,10.140723288059235,1.1116676405072212,5.4847075045108795,F:\PyCharmWorkspace\D&D Battle AI\checkpoints\gnn_player_policy.pt,4,Fighter_level_3_Champion_vs_Orc,20,0.75,0.75,2
38,1024,56,53,3,0.6792452830188679,0.32075471698113206,0.2490751953125,0.49064455926418304,11.409850776195526,0.8828544467687607,6.186741441488266,F:\PyCharmWorkspace\D&D Battle AI\checkpoints\gnn_player_policy.pt,4,Fighter_level_3_Champion_vs_Orc,20,0.85,0.75,3
39,1024,63,63,0,0.8571428571428571,0.14285714285714285,0.318587890625,0.4531411360949278,12.73420512676239,0.8729206062853336,6.811514437198639,F:\PyCharmWorkspace\D&D Battle AI\checkpoints\gnn_player_policy.pt,4,Fighter_level_3_Champion_vs_Orc,20,0.75,0.75,4
40,1024,59,59,0,0.7796610169491526,0.22033898305084745,0.330951171875,0.48561511375010014,10.223319560289383,0.899408582597971,5.588280752301216,F:\PyCharmWorkspace\D&D Battle AI\checkpoints\gnn_player_policy.pt,4,Fighter_level_3_Champion_vs_Orc,20,0.8,0.75,5
41,1024,61,61,0,0.7049180327868853,0.29508196721311475,0.27399707031250004,0.48853703774511814,13.102487444877625,0.9179300367832184,7.030601471662521,F:\PyCharmWorkspace\D&D Battle AI\checkpoints\gnn_player_policy.pt,4,Fighter_level_3_Champion_vs_Orc,20,0.75,0.75,6
42,1024,58,58,0,0.7586206896551724,0.2413793103448276,0.3222607421875,0.5110952891409397,11.561943292617798,0.8320154063403606,6.283746838569641,F:\PyCharmWorkspace\D&D Battle AI\checkpoints\gnn_player_policy.pt,4,Fighter_level_3_Champion_vs_Orc,20,0.75,0.75,7
43,1024,65,65,0,0.8,0.2,0.406951171875,0.618057556450367,7.8470451682806015,0.7878262996673584,4.533702000975609,F:\PyCharmWorkspace\D&D Battle AI\checkpoints\gnn_player_policy.pt,4,Fighter_level_3_Champion_vs_Orc,20,0.7,0.75,8
44,1024,63,63,0,0.7936507936507936,0.20634920634920634,0.4061669921875,0.7450755201280117,5.132726840674877,0.8202976323664188,3.3032359406352043,F:\PyCharmWorkspace\D&D Battle AI\checkpoints\gnn_player_policy.pt,4,Fighter_level_3_Champion_vs_Orc,20,0.8,0.75,9
45,1024,67,67,0,0.7910447761194029,0.208955223880597,0.3935810546875,0.6911216508597136,12.44346684217453,1.0887583270668983,6.901967525482178,F:\PyCharmWorkspace\D&D Battle AI\checkpoints\gnn_player_policy.pt,4,Fighter_level_3_Champion_vs_Orc,20,0.75,0.75,10
46,1024,20,20,0,0.8,0.2,0.065349609375,0.43963758647441864,5.404067623615265,1.279545521736145,3.1288759231567385,F:\PyCharmWorkspace\D&D Battle AI\checkpoints\gnn_player_policy.pt,5,Fighter_+_Cleric_vs_Orc_+_Goblins,19,0.7894736842105263,0.75,1
47,1024,8,8,0,0.5,0.5,-0.014060546874999998,0.1942292516352609,2.786625874042511,1.6011123836040497,1.571531057357788,F:\PyCharmWorkspace\D&D Battle AI\checkpoints\gnn_player_policy.pt,5,Fighter_+_Cleric_vs_Orc_+_Goblins,20,0.75,0.75,2
48,1024,17,10,7,0.5,0.5,0.002670898437500002,0.06127300253137946,3.503531239926815,1.5763741433620453,1.7972748689353466,F:\PyCharmWorkspace\D&D Battle AI\checkpoints\gnn_player_policy.pt,5,Fighter_+_Cleric_vs_Orc_+_Goblins,20,0.3,0.75,3
49,1024,10,8,2,0.625,0.375,-0.008084960937499998,-0.017996664566453546,2.880651816725731,1.5114556327462196,1.4072146825492382,F:\PyCharmWorkspace\D&D Battle AI\checkpoints\gnn_player_policy.pt,5,Fighter_+_Cleric_vs_Orc_+_Goblins,20,0.45,0.75,4
50,1024,11,6,5,0.6666666666666666,0.3333333333333333,0.0008720703125000022,0.02147496130783111,2.1201854459941387,1.5188379883766174,1.0663793068379164,F:\PyCharmWorkspace\D&D Battle AI\checkpoints\gnn_player_policy.pt,5,Fighter_+_Cleric_vs_Orc_+_Goblins,20,0.45,0.75,5
51,1024,10,6,4,0.5,0.5,0.003171875000000002,0.1106240545923356,1.8321657590568066,1.5637210756540298,1.011069716885686,F:\PyCharmWorkspace\D&D Battle AI\checkpoints\gnn_player_policy.pt,5,Fighter_+_Cleric_vs_Orc_+_Goblins,20,0.35,0.75,6
52,1024,8,6,2,0.16666666666666666,0.8333333333333334,0.026218750000000002,0.06421095971018076,1.6216986291110516,1.5646822229027748,0.8594134617596865,F:\PyCharmWorkspace\D&D Battle AI\checkpoints\gnn_player_policy.pt,5,Fighter_+_Cleric_vs_Orc_+_Goblins,20,0.2,0.75,7
53,1024,13,6,7,0.3333333333333333,0.6666666666666666,0.031623046875000005,0.17672530903170505,2.1036675572395325,1.537708471218745,1.2131820072730382,F:\PyCharmWorkspace\D&D Battle AI\checkpoints\gnn_player_policy.pt,5,Fighter_+_Cleric_vs_Orc_+_Goblins,20,0.1,0.75,8
54,1024,5,3,2,0.0,1.0,0.015056640625000003,0.3374166364471118,1.3884445528189342,1.5025640030701954,1.0166132748126984,F:\PyCharmWorkspace\D&D Battle AI\checkpoints\gnn_player_policy.pt,5,Fighter_+_Cleric_vs_Orc_+_Goblins,20,0.1,0.75,9
55,1024,16,10,6,0.3,0.7,0.037142578125000006,0.15441489405930042,2.7949836055437722,1.6638889213403065,1.5352678298950195,F:\PyCharmWorkspace\D&D Battle AI\checkpoints\gnn_player_policy.pt,5,Fighter_+_Cleric_vs_Orc_+_Goblins,20,0.15,0.75,10
56,1024,6,5,1,0.4,0.6,0.023958984375000002,0.2036999799311161,1.8450827598571777,1.524374932050705,1.110997607310613,F:\PyCharmWorkspace\D&D Battle AI\checkpoints\gnn_player_policy.pt,5,Fighter_+_Cleric_vs_Orc_+_Goblins,20,0.25,0.75,11
57,1024,13,6,7,0.16666666666666666,0.8333333333333334,0.03958007812500001,0.28747640550136566,1.5932436436414719,1.585183213154475,1.0682464291652043,F:\PyCharmWorkspace\D&D Battle AI\checkpoints\gnn_player_policy.pt,5,Fighter_+_Cleric_vs_Orc_+_Goblins,20,0.2,0.75,12
58,1024,5,3,2,0.3333333333333333,0.6666666666666666,0.0009833984375000001,0.27850758532683056,1.237630585829417,1.4825569987297058,0.8824973007043203,F:\PyCharmWorkspace\D&D Battle AI\checkpoints\gnn_player_policy.pt,5,Fighter_+_Cleric_vs_Orc_+_Goblins,20,0.15,0.75,13
59,1024,14,4,10,0.25,0.75,0.01753125,0.0673662989671963,1.6841446459293365,1.5664191246032715,0.8937744349241257,F:\PyCharmWorkspace\D&D Battle AI\checkpoints\gnn_player_policy.pt,5,Fighter_+_Cleric_vs_Orc_+_Goblins,20,0.1,0.75,14
60,1024,3,0,3,0.0,0.0,-0.0084921875,-0.07647435491283734,0.21040121465921402,1.5450008312861125,0.013276244280859828,F:\PyCharmWorkspace\D&D Battle AI\checkpoints\gnn_player_policy.pt,5,Fighter_+_Cleric_vs_Orc_+_Goblins,20,0.05,0.75,15
61,1024,16,3,13,0.6666666666666666,0.3333333333333333,0.0034970703125000017,0.046474174596369267,1.979498361547788,1.62757604320844,1.019947608311971,F:\PyCharmWorkspace\D&D Battle AI\checkpoints\gnn_player_policy.pt,5,Fighter_+_Cleric_vs_Orc_+_Goblins,20,0.1,0.75,16
62,1024,6,5,1,0.2,0.8,0.028603515625000003,0.06307285434255998,1.5133280108372371,1.602235992749532,0.8037145063281059,F:\PyCharmWorkspace\D&D Battle AI\checkpoints\gnn_player_policy.pt,5,Fighter_+_Cleric_vs_Orc_+_Goblins,20,0.15,0.75,17
63,1024,12,3,9,0.3333333333333333,0.6666666666666666,0.003972656250000001,0.10128032462671399,0.9807493512829145,1.3900586863358815,0.5777544031540552,F:\PyCharmWorkspace\D&D Battle AI\checkpoints\gnn_player_policy.pt,5,Fighter_+_Cleric_vs_Orc_+_Goblins,20,0.15,0.75,18
64,1024,8,3,5,0.0,1.0,0.0239892578125,0.12717570764167854,1.6004062294960022,1.6971662143866222,0.910407155752182,F:\PyCharmWorkspace\D&D Battle AI\checkpoints\gnn_player_policy.pt,5,Fighter_+_Cleric_vs_Orc_+_Goblins,20,0.05,0.75,19
65,1024,12,7,5,0.2857142857142857,0.7142857142857143,0.028420898437500005,0.1638976704950134,2.54371107618014,1.5934516886870067,1.4198186844587326,F:\PyCharmWorkspace\D&D Battle AI\checkpoints\gnn_player_policy.pt,5,Fighter_+_Cleric_vs_Orc_+_Goblins,20,0.1,0.75,20
66,1024,9,5,4,0.6,0.4,-0.0018994140624999998,0.032769090263172984,2.076996862888336,1.494611809651057,1.0563214073578517,F:\PyCharmWorkspace\D&D Battle AI\checkpoints\gnn_player_policy.pt,5,Fighter_+_Cleric_vs_Orc_+_Goblins,20,0.25,0.75,21
67,1024,10,3,7,0.3333333333333333,0.6666666666666666,0.024086914062500003,-0.004102510400116444,1.521436149875323,1.5022385517756145,0.7415931771198908,F:\PyCharmWorkspace\D&D Battle AI\checkpoints\gnn_player_policy.pt,5,Fighter_+_Cleric_vs_Orc_+_Goblins,20,0.2,0.75,22
68,1024,9,4,5,0.25,0.75,0.024950195312500003,0.22724833339452744,1.6099501649538677,1.582290490468343,1.016400506099065,F:\PyCharmWorkspace\D&D Battle AI\checkpoints\gnn_player_policy.pt,5,Fighter_+_Cleric_vs_Orc_+_Goblins,20,0.1,0.75,23
69,1024,11,6,5,0.0,1.0,0.056311523437500004,0.22287427820265293,1.6771443833907445,1.5557650923728943,1.0458888113498688,F:\PyCharmWorkspace\D&D Battle AI\checkpoints\gnn_player_policy.pt,5,Fighter_+_Cleric_vs_Orc_+_Goblins,20,0.05,0.75,24
70,1024,7,2,5,0.0,1.0,0.042032226562500004,0.44398851195971173,1.0010233124097188,1.5372545619805653,0.9291276186704636,F:\PyCharmWorkspace\D&D Battle AI\checkpoints\gnn_player_policy.pt,5,Fighter_+_Cleric_vs_Orc_+_Goblins,20,0.0,0.75,25
71,1024,13,8,5,0.25,0.75,0.081208984375,0.27702393382787704,1.3274747381607692,1.5988219281037648,0.9247730722030004,F:\PyCharmWorkspace\D&D Battle AI\checkpoints\gnn_player_policy.pt,5,Fighter_+_Cleric_vs_Orc_+_Goblins,20,0.1,0.75,26
72,1024,6,3,3,0.0,1.0,0.020682617187500002,0.46163372695446014,0.8385040660699209,1.5149159332116444,0.8657365987698237,F:\PyCharmWorkspace\D&D Battle AI\checkpoints\gnn_player_policy.pt,5,Fighter_+_Cleric_vs_Orc_+_Goblins,20,0.1,0.75,27
73,1024,12,4,8,0.75,0.25,-0.0007978515624999982,0.20322356621424356,1.5887086590131123,1.577894498904546,0.9817989418903986,F:\PyCharmWorkspace\D&D Battle AI\checkpoints\gnn_player_policy.pt,5,Fighter_+_Cleric_vs_Orc_+_Goblins,20,0.15,0.75,28
74,1024,8,5,3,0.2,0.8,0.0423603515625,0.020313028013333678,2.2976531046442688,1.6131945215165615,1.1530076302587986,F:\PyCharmWorkspace\D&D Battle AI\checkpoints\gnn_player_policy.pt,5,Fighter_+_Cleric_vs_Orc_+_Goblins,20,0.2,0.75,29
75,1024,9,1,8,0.0,1.0,0.029525390625,0.326269490023454,0.9694652756055196,1.5858567257722218,0.7951435595750809,F:\PyCharmWorkspace\D&D Battle AI\checkpoints\gnn_player_policy.pt,5,Fighter_+_Cleric_vs_Orc_+_Goblins,20,0.1,0.75,30
76,1024,12,5,7,0.4,0.6,0.021270507812500002,0.23845325782895088,1.61923282345136,1.600372165441513,1.0320659478505452,F:\PyCharmWorkspace\D&D Battle AI\checkpoints\gnn_player_policy.pt,5,Fighter_+_Cleric_vs_Orc_+_Goblins,20,0.1,0.75,31
77,1024,7,4,3,0.5,0.5,0.0351318359375,0.084514154586941,1.5050684213638306,1.6930283308029175,0.8201180746157964,F:\PyCharmWorkspace\D&D Battle AI\checkpoints\gnn_player_policy.pt,5,Fighter_+_Cleric_vs_Orc_+_Goblins,20,0.2,0.75,32
78,1024,9,2,7,0.0,1.0,0.0233125,0.406552496055762,0.5766099964578947,1.576959143082301,0.6790879170099894,F:\PyCharmWorkspace\D&D Battle AI\checkpoints\gnn_player_policy.pt,5,Fighter_+_Cleric_vs_Orc_+_Goblins,20,0.1,0.75,33
79,1024,9,4,5,0.25,0.75,0.0201708984375,0.25102038495242596,1.1325150231520336,1.5937952200571697,0.8013399491707484,F:\PyCharmWorkspace\D&D Battle AI\checkpoints\gnn_player_policy.pt,5,Fighter_+_Cleric_vs_Orc_+_Goblins,20,0.1,0.75,34
80,1024,8,2,6,1.0,0.0,-0.001424804687499997,0.20830394265552363,1.576484779516856,1.5011278887589772,0.9815350398421288,F:\PyCharmWorkspace\D&D Battle AI\checkpoints\gnn_player_policy.pt,5,Fighter_+_Cleric_vs_Orc_+_Goblins,20,0.15,0.75,35
81,1024,9,3,6,0.0,1.0,0.0216494140625,0.01010614944001039,0.7178745853404204,1.5713522632916768,0.35332992440089583,F:\PyCharmWorkspace\D&D Battle AI\checkpoints\gnn_player_policy.pt,5,Fighter_+_Cleric_vs_Orc_+_Goblins,20,0.1,0.75,36
82,1024,8,1,7,0.0,1.0,0.005187500000000001,-0.07032716716639698,0.7080130279064178,1.6700041592121124,0.26697930817802745,F:\PyCharmWorkspace\D&D Battle AI\checkpoints\gnn_player_policy.pt,5,Fighter_+_Cleric_vs_Orc_+_Goblins,20,0.0,0.75,37
83,1024,11,2,9,0.5,0.5,0.020610351562500004,0.1848590454707543,0.6728373443086942,1.5204539795716603,0.5060731843113899,F:\PyCharmWorkspace\D&D Battle AI\checkpoints\gnn_player_policy.pt,5,Fighter_+_Cleric_vs_Orc_+_Goblins,20,0.05,0.75,38
84,1024,9,4,5,0.5,0.5,-0.0034707031249999977,0.1374430696790417,1.3398133118947346,1.408611257870992,0.7932636365294456,F:\PyCharmWorkspace\D&D Battle AI\checkpoints\gnn_player_policy.pt,5,Fighter_+_Cleric_vs_Orc_+_Goblins,20,0.15,0.75,39
85,1024,8,1,7,0.0,1.0,0.023875000000000004,0.03996212291531265,0.5381376321117083,1.302390307188034,0.29600703964630765,F:\PyCharmWorkspace\D&D Battle AI\checkpoints\gnn_player_policy.pt,5,Fighter_+_Cleric_vs_Orc_+_Goblins,20,0.15,0.75,40
86,1024,8,0,8,0.0,0.0,-0.002845703124999999,-0.027060970353583496,0.2455004875858625,1.3280858099460602,0.08240841639538606,F:\PyCharmWorkspace\D&D Battle AI\checkpoints\gnn_player_policy.pt,5,Fighter_+_Cleric_vs_Orc_+_Goblins,20,0.05,0.75,41
87,1024,11,4,7,0.25,0.75,0.026988281250000003,0.20024017058312893,1.0469084481398265,1.3391664922237396,0.7103027378519376,F:\PyCharmWorkspace\D&D Battle AI\checkpoints\gnn_player_policy.pt,5,Fighter_+_Cleric_vs_Orc_+_Goblins,20,0.05,0.75,42
88,1024,6,1,5,0.0,1.0,0.009331054687500001,0.050305085838772357,0.4005196038633585,1.3356558084487915,0.23720833659172058,F:\PyCharmWorkspace\D&D Battle AI\checkpoints\gnn_player_policy.pt,5,Fighter_+_Cleric_vs_Orc_+_Goblins,20,0.05,0.75,43
89,1024,10,1,9,0.0,1.0,0.011162109375000001,-0.011135619133710861,0.5556575320661068,1.266070544719696,0.2540324404835701,F:\PyCharmWorkspace\D&D Battle AI\checkpoints\gnn_player_policy.pt,5,Fighter_+_Cleric_vs_Orc_+_Goblins,20,0.0,0.75,44
10,1024,31,30,1,0.7666666666666667,0.23333333333333334,-0.0960498046875,-0.19431214383803308,5.706836104393005,4.61728048324585,2.6129331290721893,F:\PyCharmWorkspace\D&D Battle AI\checkpoints\gnn_ppo_actor_critic.pt,2,Level_1_Fighter_+_Cleric_vs_2_Goblins,14,0.6428571428571429,0.75,1
20,1024,16,16,0,0.25,0.75,0.1034482421875,0.31520664505660534,2.95140378177166,4.711433112621307,1.7437942177057266,F:\PyCharmWorkspace\D&D Battle AI\checkpoints\gnn_ppo_actor_critic.pt,2,Level_1_Fighter_+_Cleric_vs_2_Goblins,20,0.25,0.75,11
